"REF_DATE","GEO","DGUID","Destination of electronic orders","Number and value of electronic orders","UOM","UOM_ID","SCALAR_FACTOR","SCALAR_ID","VECTOR","COORDINATE","VALUE","STATUS","SYMBOL","TERMINATED","DECIMALS"
"2005","Canada","","Electronic orders to companies in Canada and in other countries","Number of orders","Number","223","thousands","3","v41499483","1.1.1","49424.7","","","","1"
"2005","Canada","","Electronic orders to companies in Canada and in other countries","Average number of orders","Number","223","units ","0","v41499484","1.1.2","7.2","","","","1"
"2005","Canada","","Electronic orders to companies in Canada and in other countries","Value of orders","Dollars","81","thousands","3","v41499485","1.1.3","7924407.1","","","","1"
"2005","Canada","","Electronic orders to companies in Canada and in other countries","Average value of orders per person","Dollars","81","units ","0","v41499486","1.1.4","1150.4","","","","1"
"2005","Canada","","Electronic orders to companies in Canada","Number of orders","Number","223","thousands","3","v41499487","1.2.1","28301.9","","","","1"
"2005","Canada","","Electronic orders to companies in Canada","Average number of orders","Number","223","units ","0","v41499488","1.2.2","4.1","","r","","1"
"2005","Canada","","Electronic orders to companies in Canada","Value of orders","Dollars","81","thousands","3","v41499489","1.2.3","4970490.0","","","","1"
"2005","Canada","","Electronic orders to companies in Canada","Average value of orders per person","Dollars","81","units ","0","v41499490","1.2.4","721.6","","r","","1"
"2005","Canada","","Electronic orders to companies in other countries","Number of orders","Number","223","thousands","3","v41499491","1.3.1","21122.8","","","","1"
"2005","Canada","","Electronic orders to companies in other countries","Average number of orders","Number","223","units ","0","v41499492","1.3.2","3.1","","","","1"
"2005","Canada","","Electronic orders to companies in other countries","Value of orders","Dollars","81","thousands","3","v41499493","1.3.3","2953917.1","","","","1"
"2005","Canada","","Electronic orders to companies in other countries","Average value of orders per person","Dollars","81","units ","0","v41499494","1.3.4","428.8","","","","1"
"2005","Atlantic provinces","","Electronic orders to companies in Canada and in other countries","Number of orders","Number","223","thousands","3","v41499495","2.1.1","3332.1","","","","1"
"2005","Atlantic provinces","","Electronic orders to companies in Canada and in other countries","Average number of orders","Number","223","units ","0","v41499496","2.1.2","7.5","","","","1"
"2005","Atlantic provinces","","Electronic orders to companies in Canada and in other countries","Value of orders","Dollars","81","thousands","3","v41499497","2.1.3","488736.9","","","","1"
"2005","Atlantic provinces","","Electronic orders to companies in Canada and in other countries","Average value of orders per person","Dollars","81","units ","0","v41499498","2.1.4","1107.1","","","","1"
"2005","Atlantic provinces","","Electronic orders to companies in Canada","Number of orders","Number","223","thousands","3","v41499499","2.2.1","2164.0","","","","1"
"2005","Atlantic provinces","","Electronic orders to companies in Canada","Average number of orders","Number","223","units ","0","v41499500","2.2.2","4.9","","r","","1"
"2005","Atlantic provinces","","Electronic orders to companies in Canada","Value of orders","Dollars","81","thousands","3","v41499501","2.2.3","352606.9","","","","1"
"2005","Atlantic provinces","","Electronic orders to companies in Canada","Average value of orders per person","Dollars","81","units ","0","v41499502","2.2.4","798.7","","r","","1"
"2005","Atlantic provinces","","Electronic orders to companies in other countries","Number of orders","Number","223","thousands","3","v41499503","2.3.1","1168.2","","","","1"
"2005","Atlantic provinces","","Electronic orders to companies in other countries","Average number of orders","Number","223","units ","0","v41499504","2.3.2","2.6","","","","1"
"2005","Atlantic provinces","","Electronic orders to companies in other countries","Value of orders","Dollars","81","thousands","3","v41499505","2.3.3","136130.0","","","","1"
"2005","Atlantic provinces","","Electronic orders to companies in other countries","Average value of orders per person","Dollars","81","units ","0","v41499506","2.3.4","308.4","","","","1"
"2005","Quebec","","Electronic orders to companies in Canada and in other countries","Number of orders","Number","223","thousands","3","v41499507","3.1.1","7593.7","","","","1"
"2005","Quebec","","Electronic orders to companies in Canada and in other countries","Average number of orders","Number","223","units ","0","v41499508","3.1.2","5.9","","","","1"
"2005","Quebec","","Electronic orders to companies in Canada and in other countries","Value of orders","Dollars","81","thousands","3","v41499509","3.1.3","1055832.0","","","","1"
"2005","Quebec","","Electronic orders to companies in Canada and in other countries","Average value of orders per person","Dollars","81","units ","0","v41499510","3.1.4","826.3","","","","1"
"2005","Quebec","","Electronic orders to companies in Canada","Number of orders","Number","223","thousands","3","v41499511","3.2.1","4507.8","","","","1"
"2005","Quebec","","Electronic orders to companies in Canada","Average number of orders","Number","223","units ","0","v41499512","3.2.2","3.5","","r","","1"
"2005","Quebec","","Electronic orders to companies in Canada","Value of orders","Dollars","81","thousands","3","v41499513","3.2.3","665352.1","","","","1"
"2005","Quebec","","Electronic orders to companies in Canada","Average value of orders per person","Dollars","81","units ","0","v41499514","3.2.4","520.7","","r","","1"
"2005","Quebec","","Electronic orders to companies in other countries","Number of orders","Number","223","thousands","3","v41499515","3.3.1","3085.9","","","","1"
"2005","Quebec","","Electronic orders to companies in other countries","Average number of orders","Number","223","units ","0","v41499516","3.3.2","2.4","","","","1"
"2005","Quebec","","Electronic orders to companies in other countries","Value of orders","Dollars","81","thousands","3","v41499517","3.3.3","390479.8","","","","1"
"2005","Quebec","","Electronic orders to companies in other countries","Average value of orders per person","Dollars","81","units ","0","v41499518","3.3.4","305.6","","","","1"
"2005","Ontario","","Electronic orders to companies in Canada and in other countries","Number of orders","Number","223","thousands","3","v41499519","4.1.1","21318.1","","","","1"
"2005","Ontario","","Electronic orders to companies in Canada and in other countries","Average number of orders","Number","223","units ","0","v41499520","4.1.2","7.2","","","","1"
"2005","Ontario","","Electronic orders to companies in Canada and in other countries","Value of orders","Dollars","81","thousands","3","v41499521","4.1.3","3545369.8","","","","1"
"2005","Ontario","","Electronic orders to companies in Canada and in other countries","Average value of orders per person","Dollars","81","units ","0","v41499522","4.1.4","1205.7","","","","1"
"2005","Ontario","","Electronic orders to companies in Canada","Number of orders","Number","223","thousands","3","v41499523","4.2.1","12331.4","","","","1"
"2005","Ontario","","Electronic orders to companies in Canada","Average number of orders","Number","223","units ","0","v41499524","4.2.2","4.2","","r","","1"
"2005","Ontario","","Electronic orders to companies in Canada","Value of orders","Dollars","81","thousands","3","v41499525","4.2.3","2177597.0","","","","1"
"2005","Ontario","","Electronic orders to companies in Canada","Average value of orders per person","Dollars","81","units ","0","v41499526","4.2.4","740.5","","r","","1"
"2005","Ontario","","Electronic orders to companies in other countries","Number of orders","Number","223","thousands","3","v41499527","4.3.1","8986.6","","","","1"
"2005","Ontario","","Electronic orders to companies in other countries","Average number of orders","Number","223","units ","0","v41499528","4.3.2","3.1","","","","1"
"2005","Ontario","","Electronic orders to companies in other countries","Value of orders","Dollars","81","thousands","3","v41499529","4.3.3","1367772.8","","","","1"
"2005","Ontario","","Electronic orders to companies in other countries","Average value of orders per person","Dollars","81","units ","0","v41499530","4.3.4","465.1","","","","1"
"2005","Manitoba and Saskatchewan","","Electronic orders to companies in Canada and in other countries","Number of orders","Number","223","thousands","3","v41499531","5.1.1","2948.4","","","","1"
"2005","Manitoba and Saskatchewan","","Electronic orders to companies in Canada and in other countries","Average number of orders","Number","223","units ","0","v41499532","5.1.2","7.0","","","","1"
"2005","Manitoba and Saskatchewan","","Electronic orders to companies in Canada and in other countries","Value of orders","Dollars","81","thousands","3","v41499533","5.1.3","419092.1","","","","1"
"2005","Manitoba and Saskatchewan","","Electronic orders to companies in Canada and in other countries","Average value of orders per person","Dollars","81","units ","0","v41499534","5.1.4","1002.1","","","","1"
"2005","Manitoba and Saskatchewan","","Electronic orders to companies in Canada","Number of orders","Number","223","thousands","3","v41499535","5.2.1","1538.1","","","","1"
"2005","Manitoba and Saskatchewan","","Electronic orders to companies in Canada","Average number of orders","Number","223","units ","0","v41499536","5.2.2","3.7","","r","","1"
"2005","Manitoba and Saskatchewan","","Electronic orders to companies in Canada","Value of orders","Dollars","81","thousands","3","v41499537","5.2.3","261484.9","","","","1"
"2005","Manitoba and Saskatchewan","","Electronic orders to companies in Canada","Average value of orders per person","Dollars","81","units ","0","v41499538","5.2.4","625.2","","r","","1"
"2005","Manitoba and Saskatchewan","","Electronic orders to companies in other countries","Number of orders","Number","223","thousands","3","v41499539","5.3.1","1410.4","","","","1"
"2005","Manitoba and Saskatchewan","","Electronic orders to companies in other countries","Average number of orders","Number","223","units ","0","v41499540","5.3.2","3.4","","","","1"
"2005","Manitoba and Saskatchewan","","Electronic orders to companies in other countries","Value of orders","Dollars","81","thousands","3","v41499541","5.3.3","157607.2","","","","1"
"2005","Manitoba and Saskatchewan","","Electronic orders to companies in other countries","Average value of orders per person","Dollars","81","units ","0","v41499542","5.3.4","376.8","","","","1"
"2005","Alberta","","Electronic orders to companies in Canada and in other countries","Number of orders","Number","223","thousands","3","v41499543","6.1.1","5874.7","","","","1"
"2005","Alberta","","Electronic orders to companies in Canada and in other countries","Average number of orders","Number","223","units ","0","v41499544","6.1.2","7.6","","","","1"
"2005","Alberta","","Electronic orders to companies in Canada and in other countries","Value of orders","Dollars","81","thousands","3","v41499545","6.1.3","1062221.2","","","","1"
"2005","Alberta","","Electronic orders to companies in Canada and in other countries","Average value of orders per person","Dollars","81","units ","0","v41499546","6.1.4","1378.0","","","","1"
"2005","Alberta","","Electronic orders to companies in Canada","Number of orders","Number","223","thousands","3","v41499547","6.2.1","3559.5","","","","1"
"2005","Alberta","","Electronic orders to companies in Canada","Average number of orders","Number","223","units ","0","v41499548","6.2.2","4.6","","r","","1"
"2005","Alberta","","Electronic orders to companies in Canada","Value of orders","Dollars","81","thousands","3","v41499549","6.2.3","702880.8","","","","1"
"2005","Alberta","","Electronic orders to companies in Canada","Average value of orders per person","Dollars","81","units ","0","v41499550","6.2.4","911.9","","r","","1"
"2005","Alberta","","Electronic orders to companies in other countries","Number of orders","Number","223","thousands","3","v41499551","6.3.1","2315.2","","","","1"
"2005","Alberta","","Electronic orders to companies in other countries","Average number of orders","Number","223","units ","0","v41499552","6.3.2","3.0","","","","1"
"2005","Alberta","","Electronic orders to companies in other countries","Value of orders","Dollars","81","thousands","3","v41499553","6.3.3","359340.4","","","","1"
"2005","Alberta","","Electronic orders to companies in other countries","Average value of orders per person","Dollars","81","units ","0","v41499554","6.3.4","466.2","","","","1"
"2005","British Columbia","","Electronic orders to companies in Canada and in other countries","Number of orders","Number","223","thousands","3","v41499555","7.1.1","8357.7","","","","1"
"2005","British Columbia","","Electronic orders to companies in Canada and in other countries","Average number of orders","Number","223","units ","0","v41499556","7.1.2","8.0","","","","1"
"2005","British Columbia","","Electronic orders to companies in Canada and in other countries","Value of orders","Dollars","81","thousands","3","v41499557","7.1.3","1353155.0","","","","1"
"2005","British Columbia","","Electronic orders to companies in Canada and in other countries","Average value of orders per person","Dollars","81","units ","0","v41499558","7.1.4","1302.1","","","","1"
"2005","British Columbia","","Electronic orders to companies in Canada","Number of orders","Number","223","thousands","3","v41499559","7.2.1","4201.1","","","","1"
"2005","British Columbia","","Electronic orders to companies in Canada","Average number of orders","Number","223","units ","0","v41499560","7.2.2","4.0","","r","","1"
"2005","British Columbia","","Electronic orders to companies in Canada","Value of orders","Dollars","81","thousands","3","v41499561","7.2.3","810568.2","","","","1"
"2005","British Columbia","","Electronic orders to companies in Canada","Average value of orders per person","Dollars","81","units ","0","v41499562","7.2.4","780.0","","r","","1"
"2005","British Columbia","","Electronic orders to companies in other countries","Number of orders","Number","223","thousands","3","v41499563","7.3.1","4156.6","","","","1"
"2005","British Columbia","","Electronic orders to companies in other countries","Average number of orders","Number","223","units ","0","v41499564","7.3.2","4.0","","","","1"
"2005","British Columbia","","Electronic orders to companies in other countries","Value of orders","Dollars","81","thousands","3","v41499565","7.3.3","542586.8","","","","1"
"2005","British Columbia","","Electronic orders to companies in other countries","Average value of orders per person","Dollars","81","units ","0","v41499566","7.3.4","522.1","","","","1"
"2007","Canada","","Electronic orders to companies in Canada and in other countries","Number of orders","Number","223","thousands","3","v41499483","1.1.1","69886.3","","","","1"
"2007","Canada","","Electronic orders to companies in Canada and in other countries","Average number of orders","Number","223","units ","0","v41499484","1.1.2","8.3","","","","1"
"2007","Canada","","Electronic orders to companies in Canada and in other countries","Value of orders","Dollars","81","thousands","3","v41499485","1.1.3","12772147.1","","","","1"
"2007","Canada","","Electronic orders to companies in Canada and in other countries","Average value of orders per person","Dollars","81","units ","0","v41499486","1.1.4","1519.7","","","","1"
"2007","Canada","","Electronic orders to companies in Canada","Number of orders","Number","223","thousands","3","v41499487","1.2.1","36046.6","","","","1"
"2007","Canada","","Electronic orders to companies in Canada","Average number of orders","Number","223","units ","0","v41499488","1.2.2","4.3","","","","1"
"2007","Canada","","Electronic orders to companies in Canada","Value of orders","Dollars","81","thousands","3","v41499489","1.2.3","7117992.1","","","","1"
"2007","Canada","","Electronic orders to companies in Canada","Average value of orders per person","Dollars","81","units ","0","v41499490","1.2.4","846.9","","","","1"
"2007","Canada","","Electronic orders to companies in other countries","Number of orders","Number","223","thousands","3","v41499491","1.3.1","33839.7","","","","1"
"2007","Canada","","Electronic orders to companies in other countries","Average number of orders","Number","223","units ","0","v41499492","1.3.2","4.0","","","","1"
"2007","Canada","","Electronic orders to companies in other countries","Value of orders","Dollars","81","thousands","3","v41499493","1.3.3","5654155.0","","","","1"
"2007","Canada","","Electronic orders to companies in other countries","Average value of orders per person","Dollars","81","units ","0","v41499494","1.3.4","672.8","","","","1"
"2007","Atlantic provinces","","Electronic orders to companies in Canada and in other countries","Number of orders","Number","223","thousands","3","v41499495","2.1.1","4284.1","","","","1"
"2007","Atlantic provinces","","Electronic orders to companies in Canada and in other countries","Average number of orders","Number","223","units ","0","v41499496","2.1.2","8.1","","","","1"
"2007","Atlantic provinces","","Electronic orders to companies in Canada and in other countries","Value of orders","Dollars","81","thousands","3","v41499497","2.1.3","645288.4","","","","1"
"2007","Atlantic provinces","","Electronic orders to companies in Canada and in other countries","Average value of orders per person","Dollars","81","units ","0","v41499498","2.1.4","1224.3","","","","1"
"2007","Atlantic provinces","","Electronic orders to companies in Canada","Number of orders","Number","223","thousands","3","v41499499","2.2.1","2296.0","","","","1"
"2007","Atlantic provinces","","Electronic orders to companies in Canada","Average number of orders","Number","223","units ","0","v41499500","2.2.2","4.4","","","","1"
"2007","Atlantic provinces","","Electronic orders to companies in Canada","Value of orders","Dollars","81","thousands","3","v41499501","2.2.3","393482.6","","","","1"
"2007","Atlantic provinces","","Electronic orders to companies in Canada","Average value of orders per person","Dollars","81","units ","0","v41499502","2.2.4","746.6","","","","1"
"2007","Atlantic provinces","","Electronic orders to companies in other countries","Number of orders","Number","223","thousands","3","v41499503","2.3.1","1988.1","","","","1"
"2007","Atlantic provinces","","Electronic orders to companies in other countries","Average number of orders","Number","223","units ","0","v41499504","2.3.2","3.8","","","","1"
"2007","Atlantic provinces","","Electronic orders to companies in other countries","Value of orders","Dollars","81","thousands","3","v41499505","2.3.3","251805.7","","","","1"
"2007","Atlantic provinces","","Electronic orders to companies in other countries","Average value of orders per person","Dollars","81","units ","0","v41499506","2.3.4","477.8","","","","1"
"2007","Quebec","","Electronic orders to companies in Canada and in other countries","Number of orders","Number","223","thousands","3","v41499507","3.1.1","12223.9","","","","1"
"2007","Quebec","","Electronic orders to companies in Canada and in other countries","Average number of orders","Number","223","units ","0","v41499508","3.1.2","7.6","","","","1"
"2007","Quebec","","Electronic orders to companies in Canada and in other countries","Value of orders","Dollars","81","thousands","3","v41499509","3.1.3","2087393.2","","","","1"
"2007","Quebec","","Electronic orders to companies in Canada and in other countries","Average value of orders per person","Dollars","81","units ","0","v41499510","3.1.4","1292.1","","","","1"
"2007","Quebec","","Electronic orders to companies in Canada","Number of orders","Number","223","thousands","3","v41499511","3.2.1","6266.4","","","","1"
"2007","Quebec","","Electronic orders to companies in Canada","Average number of orders","Number","223","units ","0","v41499512","3.2.2","3.9","","","","1"
"2007","Quebec","","Electronic orders to companies in Canada","Value of orders","Dollars","81","thousands","3","v41499513","3.2.3","1301107.0","","","","1"
"2007","Quebec","","Electronic orders to companies in Canada","Average value of orders per person","Dollars","81","units ","0","v41499514","3.2.4","805.4","","","","1"
"2007","Quebec","","Electronic orders to companies in other countries","Number of orders","Number","223","thousands","3","v41499515","3.3.1","5957.4","","","","1"
"2007","Quebec","","Electronic orders to companies in other countries","Average number of orders","Number","223","units ","0","v41499516","3.3.2","3.7","","","","1"
"2007","Quebec","","Electronic orders to companies in other countries","Value of orders","Dollars","81","thousands","3","v41499517","3.3.3","786286.1","","","","1"
"2007","Quebec","","Electronic orders to companies in other countries","Average value of orders per person","Dollars","81","units ","0","v41499518","3.3.4","486.7","","","","1"
"2007","Ontario","","Electronic orders to companies in Canada and in other countries","Number of orders","Number","223","thousands","3","v41499519","4.1.1","27486.9","","","","1"
"2007","Ontario","","Electronic orders to companies in Canada and in other countries","Average number of orders","Number","223","units ","0","v41499520","4.1.2","8.0","","","","1"
"2007","Ontario","","Electronic orders to companies in Canada and in other countries","Value of orders","Dollars","81","thousands","3","v41499521","4.1.3","5177442.0","","","","1"
"2007","Ontario","","Electronic orders to companies in Canada and in other countries","Average value of orders per person","Dollars","81","units ","0","v41499522","4.1.4","1509.8","","","","1"
"2007","Ontario","","Electronic orders to companies in Canada","Number of orders","Number","223","thousands","3","v41499523","4.2.1","14805.9","","","","1"
"2007","Ontario","","Electronic orders to companies in Canada","Average number of orders","Number","223","units ","0","v41499524","4.2.2","4.3","","","","1"
"2007","Ontario","","Electronic orders to companies in Canada","Value of orders","Dollars","81","thousands","3","v41499525","4.2.3","2720524.0","","","","1"
"2007","Ontario","","Electronic orders to companies in Canada","Average value of orders per person","Dollars","81","units ","0","v41499526","4.2.4","793.3","","","","1"
"2007","Ontario","","Electronic orders to companies in other countries","Number of orders","Number","223","thousands","3","v41499527","4.3.1","12681.0","","","","1"
"2007","Ontario","","Electronic orders to companies in other countries","Average number of orders","Number","223","units ","0","v41499528","4.3.2","3.7","","","","1"
"2007","Ontario","","Electronic orders to companies in other countries","Value of orders","Dollars","81","thousands","3","v41499529","4.3.3","2456917.9","","","","1"
"2007","Ontario","","Electronic orders to companies in other countries","Average value of orders per person","Dollars","81","units ","0","v41499530","4.3.4","716.5","","","","1"
"2007","Manitoba and Saskatchewan","","Electronic orders to companies in Canada and in other countries","Number of orders","Number","223","thousands","3","v41499531","5.1.1","3975.5","","","","1"
"2007","Manitoba and Saskatchewan","","Electronic orders to companies in Canada and in other countries","Average number of orders","Number","223","units ","0","v41499532","5.1.2","8.0","","","","1"
"2007","Manitoba and Saskatchewan","","Electronic orders to companies in Canada and in other countries","Value of orders","Dollars","81","thousands","3","v41499533","5.1.3","631760.1","","","","1"
"2007","Manitoba and Saskatchewan","","Electronic orders to companies in Canada and in other countries","Average value of orders per person","Dollars","81","units ","0","v41499534","5.1.4","1272.6","","","","1"
"2007","Manitoba and Saskatchewan","","Electronic orders to companies in Canada","Number of orders","Number","223","thousands","3","v41499535","5.2.1","2078.8","","","","1"
"2007","Manitoba and Saskatchewan","","Electronic orders to companies in Canada","Average number of orders","Number","223","units ","0","v41499536","5.2.2","4.2","","","","1"
"2007","Manitoba and Saskatchewan","","Electronic orders to companies in Canada","Value of orders","Dollars","81","thousands","3","v41499537","5.2.3","358703.1","","","","1"
"2007","Manitoba and Saskatchewan","","Electronic orders to companies in Canada","Average value of orders per person","Dollars","81","units ","0","v41499538","5.2.4","722.5","","","","1"
"2007","Manitoba and Saskatchewan","","Electronic orders to companies in other countries","Number of orders","Number","223","thousands","3","v41499539","5.3.1","1896.7","","","","1"
"2007","Manitoba and Saskatchewan","","Electronic orders to companies in other countries","Average number of orders","Number","223","units ","0","v41499540","5.3.2","3.8","","","","1"
"2007","Manitoba and Saskatchewan","","Electronic orders to companies in other countries","Value of orders","Dollars","81","thousands","3","v41499541","5.3.3","273057.0","","","","1"
"2007","Manitoba and Saskatchewan","","Electronic orders to companies in other countries","Average value of orders per person","Dollars","81","units ","0","v41499542","5.3.4","550.0","","","","1"
"2007","Alberta","","Electronic orders to companies in Canada and in other countries","Number of orders","Number","223","thousands","3","v41499543","6.1.1","10935.1","","","","1"
"2007","Alberta","","Electronic orders to companies in Canada and in other countries","Average number of orders","Number","223","units ","0","v41499544","6.1.2","10.4","","","","1"
"2007","Alberta","","Electronic orders to companies in Canada and in other countries","Value of orders","Dollars","81","thousands","3","v41499545","6.1.3","1985954.4","","","","1"
"2007","Alberta","","Electronic orders to companies in Canada and in other countries","Average value of orders per person","Dollars","81","units ","0","v41499546","6.1.4","1879.8","","","","1"
"2007","Alberta","","Electronic orders to companies in Canada","Number of orders","Number","223","thousands","3","v41499547","6.2.1","5443.6","","","","1"
"2007","Alberta","","Electronic orders to companies in Canada","Average number of orders","Number","223","units ","0","v41499548","6.2.2","5.2","","","","1"
"2007","Alberta","","Electronic orders to companies in Canada","Value of orders","Dollars","81","thousands","3","v41499549","6.2.3","1045907.6","","","","1"
"2007","Alberta","","Electronic orders to companies in Canada","Average value of orders per person","Dollars","81","units ","0","v41499550","6.2.4","990.0","","","","1"
"2007","Alberta","","Electronic orders to companies in other countries","Number of orders","Number","223","thousands","3","v41499551","6.3.1","5491.5","","","","1"
"2007","Alberta","","Electronic orders to companies in other countries","Average number of orders","Number","223","units ","0","v41499552","6.3.2","5.2","","","","1"
"2007","Alberta","","Electronic orders to companies in other countries","Value of orders","Dollars","81","thousands","3","v41499553","6.3.3","940046.8","","","","1"
"2007","Alberta","","Electronic orders to companies in other countries","Average value of orders per person","Dollars","81","units ","0","v41499554","6.3.4","889.8","","","","1"
"2007","British Columbia","","Electronic orders to companies in Canada and in other countries","Number of orders","Number","223","thousands","3","v41499555","7.1.1","10980.8","","","","1"
"2007","British Columbia","","Electronic orders to companies in Canada and in other countries","Average number of orders","Number","223","units ","0","v41499556","7.1.2","8.6","","","","1"
"2007","British Columbia","","Electronic orders to companies in Canada and in other countries","Value of orders","Dollars","81","thousands","3","v41499557","7.1.3","2244309.2","","","","1"
"2007","British Columbia","","Electronic orders to companies in Canada and in other countries","Average value of orders per person","Dollars","81","units ","0","v41499558","7.1.4","1753.6","","","","1"
"2007","British Columbia","","Electronic orders to companies in Canada","Number of orders","Number","223","thousands","3","v41499559","7.2.1","5155.8","","","","1"
"2007","British Columbia","","Electronic orders to companies in Canada","Average number of orders","Number","223","units ","0","v41499560","7.2.2","4.0","","","","1"
"2007","British Columbia","","Electronic orders to companies in Canada","Value of orders","Dollars","81","thousands","3","v41499561","7.2.3","1298267.7","","","","1"
"2007","British Columbia","","Electronic orders to companies in Canada","Average value of orders per person","Dollars","81","units ","0","v41499562","7.2.4","1014.4","","","","1"
"2007","British Columbia","","Electronic orders to companies in other countries","Number of orders","Number","223","thousands","3","v41499563","7.3.1","5825.0","","","","1"
"2007","British Columbia","","Electronic orders to companies in other countries","Average number of orders","Number","223","units ","0","v41499564","7.3.2","4.6","","","","1"
"2007","British Columbia","","Electronic orders to companies in other countries","Value of orders","Dollars","81","thousands","3","v41499565","7.3.3","946041.5","","","","1"
"2007","British Columbia","","Electronic orders to companies in other countries","Average value of orders per person","Dollars","81","units ","0","v41499566","7.3.4","739.2","","","","1"
"2009","Canada","","Electronic orders to companies in Canada and in other countries","Number of orders","Number","223","thousands","3","v41499483","1.1.1","95669.4","","","","1"
"2009","Canada","","Electronic orders to companies in Canada and in other countries","Average number of orders","Number","223","units ","0","v41499484","1.1.2","9.0","","","","1"
"2009","Canada","","Electronic orders to companies in Canada and in other countries","Value of orders","Dollars","81","thousands","3","v41499485","1.1.3","15071062.4","","","","1"
"2009","Canada","","Electronic orders to companies in Canada and in other countries","Average value of orders per person","Dollars","81","units ","0","v41499486","1.1.4","1420.1","","","","1"
"2009","Canada","","Electronic orders to companies in Canada","Number of orders","Number","223","thousands","3","v41499487","1.2.1","54043.7","","","","1"
"2009","Canada","","Electronic orders to companies in Canada","Average number of orders","Number","223","units ","0","v41499488","1.2.2","5.1","","","","1"
"2009","Canada","","Electronic orders to companies in Canada","Value of orders","Dollars","81","thousands","3","v41499489","1.2.3","9082034.0","","","","1"
"2009","Canada","","Electronic orders to companies in Canada","Average value of orders per person","Dollars","81","units ","0","v41499490","1.2.4","855.8","","","","1"
"2009","Canada","","Electronic orders to companies in other countries","Number of orders","Number","223","thousands","3","v41499491","1.3.1","41625.8","","","","1"
"2009","Canada","","Electronic orders to companies in other countries","Average number of orders","Number","223","units ","0","v41499492","1.3.2","3.9","","","","1"
"2009","Canada","","Electronic orders to companies in other countries","Value of orders","Dollars","81","thousands","3","v41499493","1.3.3","5989028.4","","","","1"
"2009","Canada","","Electronic orders to companies in other countries","Average value of orders per person","Dollars","81","units ","0","v41499494","1.3.4","564.3","","","","1"
"2009","Atlantic provinces","","Electronic orders to companies in Canada and in other countries","Number of orders","Number","223","thousands","3","v41499495","2.1.1","5544.7","","","","1"
"2009","Atlantic provinces","","Electronic orders to companies in Canada and in other countries","Average number of orders","Number","223","units ","0","v41499496","2.1.2","7.9","","","","1"
"2009","Atlantic provinces","","Electronic orders to companies in Canada and in other countries","Value of orders","Dollars","81","thousands","3","v41499497","2.1.3","952138.3","","","","1"
"2009","Atlantic provinces","","Electronic orders to companies in Canada and in other countries","Average value of orders per person","Dollars","81","units ","0","v41499498","2.1.4","1361.7","","","","1"
"2009","Atlantic provinces","","Electronic orders to companies in Canada","Number of orders","Number","223","thousands","3","v41499499","2.2.1","3274.1","","","","1"
"2009","Atlantic provinces","","Electronic orders to companies in Canada","Average number of orders","Number","223","units ","0","v41499500","2.2.2","4.7","","","","1"
"2009","Atlantic provinces","","Electronic orders to companies in Canada","Value of orders","Dollars","81","thousands","3","v41499501","2.2.3","546494.7","","","","1"
"2009","Atlantic provinces","","Electronic orders to companies in Canada","Average value of orders per person","Dollars","81","units ","0","v41499502","2.2.4","781.6","","","","1"
"2009","Atlantic provinces","","Electronic orders to companies in other countries","Number of orders","Number","223","thousands","3","v41499503","2.3.1","2270.6","","","","1"
"2009","Atlantic provinces","","Electronic orders to companies in other countries","Average number of orders","Number","223","units ","0","v41499504","2.3.2","3.2","","","","1"
"2009","Atlantic provinces","","Electronic orders to companies in other countries","Value of orders","Dollars","81","thousands","3","v41499505","2.3.3","405643.5","","","","1"
"2009","Atlantic provinces","","Electronic orders to companies in other countries","Average value of orders per person","Dollars","81","units ","0","v41499506","2.3.4","580.1","","","","1"
"2009","Quebec","","Electronic orders to companies in Canada and in other countries","Number of orders","Number","223","thousands","3","v41499507","3.1.1","14591.9","","","","1"
"2009","Quebec","","Electronic orders to companies in Canada and in other countries","Average number of orders","Number","223","units ","0","v41499508","3.1.2","6.8","","","","1"
"2009","Quebec","","Electronic orders to companies in Canada and in other countries","Value of orders","Dollars","81","thousands","3","v41499509","3.1.3","2562611.5","","","","1"
"2009","Quebec","","Electronic orders to companies in Canada and in other countries","Average value of orders per person","Dollars","81","units ","0","v41499510","3.1.4","1197.3","","","","1"
"2009","Quebec","","Electronic orders to companies in Canada","Number of orders","Number","223","thousands","3","v41499511","3.2.1","8114.4","","","","1"
"2009","Quebec","","Electronic orders to companies in Canada","Average number of orders","Number","223","units ","0","v41499512","3.2.2","3.8","","","","1"
"2009","Quebec","","Electronic orders to companies in Canada","Value of orders","Dollars","81","thousands","3","v41499513","3.2.3","1589177.3","","","","1"
"2009","Quebec","","Electronic orders to companies in Canada","Average value of orders per person","Dollars","81","units ","0","v41499514","3.2.4","742.5","","","","1"
"2009","Quebec","","Electronic orders to companies in other countries","Number of orders","Number","223","thousands","3","v41499515","3.3.1","6477.5","","","","1"
"2009","Quebec","","Electronic orders to companies in other countries","Average number of orders","Number","223","units ","0","v41499516","3.3.2","3.0","","","","1"
"2009","Quebec","","Electronic orders to companies in other countries","Value of orders","Dollars","81","thousands","3","v41499517","3.3.3","973434.2","","","","1"
"2009","Quebec","","Electronic orders to companies in other countries","Average value of orders per person","Dollars","81","units ","0","v41499518","3.3.4","454.8","","","","1"
"2009","Ontario","","Electronic orders to companies in Canada and in other countries","Number of orders","Number","223","thousands","3","v41499519","4.1.1","39564.1","","","","1"
"2009","Ontario","","Electronic orders to companies in Canada and in other countries","Average number of orders","Number","223","units ","0","v41499520","4.1.2","9.6","","","","1"
"2009","Ontario","","Electronic orders to companies in Canada and in other countries","Value of orders","Dollars","81","thousands","3","v41499521","4.1.3","5513038.5","","","","1"
"2009","Ontario","","Electronic orders to companies in Canada and in other countries","Average value of orders per person","Dollars","81","units ","0","v41499522","4.1.4","1334.3","","","","1"
"2009","Ontario","","Electronic orders to companies in Canada","Number of orders","Number","223","thousands","3","v41499523","4.2.1","23036.0","","","","1"
"2009","Ontario","","Electronic orders to companies in Canada","Average number of orders","Number","223","units ","0","v41499524","4.2.2","5.6","","","","1"
"2009","Ontario","","Electronic orders to companies in Canada","Value of orders","Dollars","81","thousands","3","v41499525","4.2.3","3262462.8","","","","1"
"2009","Ontario","","Electronic orders to companies in Canada","Average value of orders per person","Dollars","81","units ","0","v41499526","4.2.4","789.6","","","","1"
"2009","Ontario","","Electronic orders to companies in other countries","Number of orders","Number","223","thousands","3","v41499527","4.3.1","16528.1","","","","1"
"2009","Ontario","","Electronic orders to companies in other countries","Average number of orders","Number","223","units ","0","v41499528","4.3.2","4.0","","","","1"
"2009","Ontario","","Electronic orders to companies in other countries","Value of orders","Dollars","81","thousands","3","v41499529","4.3.3","2250575.7","","","","1"
"2009","Ontario","","Electronic orders to companies in other countries","Average value of orders per person","Dollars","81","units ","0","v41499530","4.3.4","544.7","","","","1"
"2009","Manitoba and Saskatchewan","","Electronic orders to companies in Canada and in other countries","Number of orders","Number","223","thousands","3","v41499531","5.1.1","6298.8","","","","1"
"2009","Manitoba and Saskatchewan","","Electronic orders to companies in Canada and in other countries","Average number of orders","Number","223","units ","0","v41499532","5.1.2","9.7","","","","1"
"2009","Manitoba and Saskatchewan","","Electronic orders to companies in Canada and in other countries","Value of orders","Dollars","81","thousands","3","v41499533","5.1.3","1104421.1","","","","1"
"2009","Manitoba and Saskatchewan","","Electronic orders to companies in Canada and in other countries","Average value of orders per person","Dollars","81","units ","0","v41499534","5.1.4","1707.2","","","","1"
"2009","Manitoba and Saskatchewan","","Electronic orders to companies in Canada","Number of orders","Number","223","thousands","3","v41499535","5.2.1","3495.2","","","","1"
"2009","Manitoba and Saskatchewan","","Electronic orders to companies in Canada","Average number of orders","Number","223","units ","0","v41499536","5.2.2","5.4","","","","1"
"2009","Manitoba and Saskatchewan","","Electronic orders to companies in Canada","Value of orders","Dollars","81","thousands","3","v41499537","5.2.3","646830.9","","","","1"
"2009","Manitoba and Saskatchewan","","Electronic orders to companies in Canada","Average value of orders per person","Dollars","81","units ","0","v41499538","5.2.4","999.9","","","","1"
"2009","Manitoba and Saskatchewan","","Electronic orders to companies in other countries","Number of orders","Number","223","thousands","3","v41499539","5.3.1","2803.6","","","","1"
"2009","Manitoba and Saskatchewan","","Electronic orders to companies in other countries","Average number of orders","Number","223","units ","0","v41499540","5.3.2","4.3","","","","1"
"2009","Manitoba and Saskatchewan","","Electronic orders to companies in other countries","Value of orders","Dollars","81","thousands","3","v41499541","5.3.3","457590.2","","","","1"
"2009","Manitoba and Saskatchewan","","Electronic orders to companies in other countries","Average value of orders per person","Dollars","81","units ","0","v41499542","5.3.4","707.3","","","","1"
"2009","Alberta","","Electronic orders to companies in Canada and in other countries","Number of orders","Number","223","thousands","3","v41499543","6.1.1","13247.2","","","","1"
"2009","Alberta","","Electronic orders to companies in Canada and in other countries","Average number of orders","Number","223","units ","0","v41499544","6.1.2","10.3","","","","1"
"2009","Alberta","","Electronic orders to companies in Canada and in other countries","Value of orders","Dollars","81","thousands","3","v41499545","6.1.3","2159338.2","","","","1"
"2009","Alberta","","Electronic orders to companies in Canada and in other countries","Average value of orders per person","Dollars","81","units ","0","v41499546","6.1.4","1686.9","","","","1"
"2009","Alberta","","Electronic orders to companies in Canada","Number of orders","Number","223","thousands","3","v41499547","6.2.1","7220.0","","","","1"
"2009","Alberta","","Electronic orders to companies in Canada","Average number of orders","Number","223","units ","0","v41499548","6.2.2","5.6","","","","1"
"2009","Alberta","","Electronic orders to companies in Canada","Value of orders","Dollars","81","thousands","3","v41499549","6.2.3","1418670.5","","","","1"
"2009","Alberta","","Electronic orders to companies in Canada","Average value of orders per person","Dollars","81","units ","0","v41499550","6.2.4","1108.3","","","","1"
"2009","Alberta","","Electronic orders to companies in other countries","Number of orders","Number","223","thousands","3","v41499551","6.3.1","6027.2","","","","1"
"2009","Alberta","","Electronic orders to companies in other countries","Average number of orders","Number","223","units ","0","v41499552","6.3.2","4.7","","","","1"
"2009","Alberta","","Electronic orders to companies in other countries","Value of orders","Dollars","81","thousands","3","v41499553","6.3.3","740667.7","","","","1"
"2009","Alberta","","Electronic orders to companies in other countries","Average value of orders per person","Dollars","81","units ","0","v41499554","6.3.4","578.6","","","","1"
"2009","British Columbia","","Electronic orders to companies in Canada and in other countries","Number of orders","Number","223","thousands","3","v41499555","7.1.1","16422.7","","","","1"
"2009","British Columbia","","Electronic orders to companies in Canada and in other countries","Average number of orders","Number","223","units ","0","v41499556","7.1.2","9.6","","","","1"
"2009","British Columbia","","Electronic orders to companies in Canada and in other countries","Value of orders","Dollars","81","thousands","3","v41499557","7.1.3","2779514.9","","","","1"
"2009","British Columbia","","Electronic orders to companies in Canada and in other countries","Average value of orders per person","Dollars","81","units ","0","v41499558","7.1.4","1621.4","","","","1"
"2009","British Columbia","","Electronic orders to companies in Canada","Number of orders","Number","223","thousands","3","v41499559","7.2.1","8904.0","","","","1"
"2009","British Columbia","","Electronic orders to companies in Canada","Average number of orders","Number","223","units ","0","v41499560","7.2.2","5.2","","","","1"
"2009","British Columbia","","Electronic orders to companies in Canada","Value of orders","Dollars","81","thousands","3","v41499561","7.2.3","1618397.8","","","","1"
"2009","British Columbia","","Electronic orders to companies in Canada","Average value of orders per person","Dollars","81","units ","0","v41499562","7.2.4","944.0","","","","1"
"2009","British Columbia","","Electronic orders to companies in other countries","Number of orders","Number","223","thousands","3","v41499563","7.3.1","7518.7","","","","1"
"2009","British Columbia","","Electronic orders to companies in other countries","Average number of orders","Number","223","units ","0","v41499564","7.3.2","4.4","","","","1"
"2009","British Columbia","","Electronic orders to companies in other countries","Value of orders","Dollars","81","thousands","3","v41499565","7.3.3","1161117.1","","","","1"
"2009","British Columbia","","Electronic orders to companies in other countries","Average value of orders per person","Dollars","81","units ","0","v41499566","7.3.4","677.3","","","","1"
